{
  "model": "e248_100",
  "track": "Carlos Gonzalez - A Place For Us",
  "timestamp": "2025-12-25T00:20:03.061359",
  "sources": {
    "drums": {
      "sample_rate": 44100,
      "duration_seconds": 250.21875283446713,
      "energy_distribution": {
        "Sub-bass (20-60 Hz)": {
          "real_energy": 1970425.75,
          "model_energy": 1555381.5,
          "ratio": 0.7893631458282471
        },
        "Bass (60-250 Hz)": {
          "real_energy": 26826260.0,
          "model_energy": 20168062.0,
          "ratio": 0.7518029808998108
        },
        "Low-mid (250-500 Hz)": {
          "real_energy": 2854038.25,
          "model_energy": 1543756.5,
          "ratio": 0.5409025549888611
        },
        "Mid (500-2000 Hz)": {
          "real_energy": 1828081.75,
          "model_energy": 778083.75,
          "ratio": 0.42562854290008545
        },
        "High (2000-8000 Hz)": {
          "real_energy": 1104981.625,
          "model_energy": 547434.875,
          "ratio": 0.49542441964149475
        },
        "Total": {
          "real_energy": 35013584.0,
          "model_energy": 25400606.0,
          "ratio": 0.7254500389099121
        }
      },
      "spectral_similarity": {
        "overall_correlation": 0.9108253758191641,
        "cosine_similarity": 0.91244622396817,
        "band_correlations": {
          "Sub-bass (20-60 Hz)": 0.8373073943040248,
          "Bass (60-250 Hz)": 0.9276540164141873,
          "Low-mid (250-500 Hz)": 0.8371110694678361,
          "Mid (500-2000 Hz)": 0.7628337337567249,
          "High (2000-8000 Hz)": 0.8021928054431428
        }
      },
      "error_energy": {
        "Sub-bass (20-60 Hz)": {
          "error_energy": 729828.8125,
          "pseudo_sdr": 4.313390696994574,
          "error_ratio": 0.3703914306337095
        },
        "Bass (60-250 Hz)": {
          "error_energy": 5053450.5,
          "pseudo_sdr": 7.249721134340096,
          "error_ratio": 0.18837700447248332
        },
        "Low-mid (250-500 Hz)": {
          "error_energy": 1342422.25,
          "pseudo_sdr": 3.2757064749415097,
          "error_ratio": 0.4703588853443012
        },
        "Mid (500-2000 Hz)": {
          "error_energy": 1117074.0,
          "pseudo_sdr": 2.139136693638829,
          "error_ratio": 0.6110634822540075
        },
        "High (2000-8000 Hz)": {
          "error_energy": 541902.4375,
          "pseudo_sdr": 3.09433951604164,
          "error_ratio": 0.49041760083567
        },
        "Total": {
          "error_energy": 9338968.0,
          "pseudo_sdr": 5.739376802484262,
          "error_ratio": 0.266724137694673
        }
      },
      "silence_leakage": {
        "silence_threshold": 4.753447137773037e-05,
        "silence_frames_count": 2155,
        "total_frames": 21553,
        "silence_frames_percentage": 9.998608082401521,
        "silence_leakage_rms": 0.0033714724704623222,
        "active_output_rms": 0.026611678302288055,
        "leakage_ratio": 0.12669146060943604,
        "silence_energy_ratio": 0.0007683566072955728
      },
      "temporal_alignment": {
        "real_onsets_count": 955,
        "model_onsets_count": 791,
        "matched_onsets": 776,
        "onset_precision": 0.9810366624525917,
        "onset_recall": 0.812565445026178,
        "onset_f1": 0.8888888888888888,
        "tolerance_ms": 50.0
      },
      "spectral_divergence": {
        "kl_divergence": 0.05998963117599487,
        "js_divergence": 0.015957633964717388
      },
      "dynamic_range": {
        "real_dynamic_range_db": 93.96163294119148,
        "model_dynamic_range_db": 40.695228559035215,
        "real_peak": 0.603729248046875,
        "model_peak": 0.553863525390625,
        "real_rms": 0.045421380549669266,
        "model_rms": 0.038509927690029144,
        "real_crest_factor_db": 22.471637698625322,
        "model_crest_factor_db": 23.156601228094665
      }
    },
    "bass": {
      "sample_rate": 44100,
      "duration_seconds": 250.21875283446713,
      "energy_distribution": {
        "Sub-bass (20-60 Hz)": {
          "real_energy": 1754808.75,
          "model_energy": 1616876.125,
          "ratio": 0.92139732837677
        },
        "Bass (60-250 Hz)": {
          "real_energy": 6847736.0,
          "model_energy": 4560229.0,
          "ratio": 0.6659469604492188
        },
        "Low-mid (250-500 Hz)": {
          "real_energy": 401359.78125,
          "model_energy": 57692.609375,
          "ratio": 0.1437428742647171
        },
        "Mid (500-2000 Hz)": {
          "real_energy": 156564.8125,
          "model_energy": 12658.1240234375,
          "ratio": 0.08084909617900848
        },
        "High (2000-8000 Hz)": {
          "real_energy": 55914.71484375,
          "model_energy": 2683.619140625,
          "ratio": 0.047994863241910934
        },
        "Total": {
          "real_energy": 9225035.0,
          "model_energy": 6693219.0,
          "ratio": 0.7255494594573975
        }
      },
      "spectral_similarity": {
        "overall_correlation": 0.7729540900607894,
        "cosine_similarity": 0.7742570652557903,
        "band_correlations": {
          "Sub-bass (20-60 Hz)": 0.8342421218305087,
          "Bass (60-250 Hz)": 0.7497159089684671,
          "Low-mid (250-500 Hz)": 0.4646238039155867,
          "Mid (500-2000 Hz)": 0.2553733863008844,
          "High (2000-8000 Hz)": 0.20349280902500558
        }
      },
      "error_energy": {
        "Sub-bass (20-60 Hz)": {
          "error_energy": 685806.5625,
          "pseudo_sdr": 4.080281546866974,
          "error_ratio": 0.39081555896048503
        },
        "Bass (60-250 Hz)": {
          "error_energy": 3712118.75,
          "pseudo_sdr": 2.659251479151548,
          "error_ratio": 0.542094314091548
        },
        "Low-mid (250-500 Hz)": {
          "error_energy": 386846.75,
          "pseudo_sdr": 0.15994898731387114,
          "error_ratio": 0.9638403449274351
        },
        "Mid (500-2000 Hz)": {
          "error_energy": 168303.125,
          "pseudo_sdr": -0.31398017666509037,
          "error_ratio": 1.0749741420984993
        },
        "High (2000-8000 Hz)": {
          "error_energy": 58033.64453125,
          "pseudo_sdr": -0.16153730845323203,
          "error_ratio": 1.0378957434267724
        },
        "Total": {
          "error_energy": 5453069.0,
          "pseudo_sdr": 2.2832702952343937,
          "error_ratio": 0.5911163480680561
        }
      },
      "silence_leakage": {
        "silence_threshold": 8.792442713456694e-06,
        "silence_frames_count": 2081,
        "total_frames": 21553,
        "silence_frames_percentage": 9.65526840811024,
        "silence_leakage_rms": 0.0038012941367924213,
        "active_output_rms": 0.01427331380546093,
        "leakage_ratio": 0.2663217782974243,
        "silence_energy_ratio": 0.005255191121250391
      },
      "temporal_alignment": {
        "real_onsets_count": 418,
        "model_onsets_count": 930,
        "matched_onsets": 389,
        "onset_precision": 0.4182795698924731,
        "onset_recall": 0.930622009569378,
        "onset_f1": 0.5771513353115727,
        "tolerance_ms": 50.0
      },
      "spectral_divergence": {
        "kl_divergence": 0.17848144471645355,
        "js_divergence": 0.05082004889845848
      },
      "dynamic_range": {
        "real_dynamic_range_db": 85.4094861263013,
        "model_dynamic_range_db": 33.93951721470857,
        "real_peak": 0.344573974609375,
        "model_peak": 0.2444305419921875,
        "real_rms": 0.02332581952214241,
        "model_rms": 0.01954066939651966,
        "real_crest_factor_db": 23.388911190535858,
        "model_crest_factor_db": 21.944320629120924
      }
    },
    "other": {
      "sample_rate": 44100,
      "duration_seconds": 250.21875283446713,
      "energy_distribution": {
        "Sub-bass (20-60 Hz)": {
          "real_energy": 314441.90625,
          "model_energy": 137945.125,
          "ratio": 0.43869829177856445
        },