{
  "track_name": "Music Delta - 80s Rock",
  "model_config": {
    "model_name": "htdemucs",
    "shifts": 1,
    "overlap": 0.25
  },
  "scores": {
    "SDR": [
      16.916327632678506,
      32.32287718456047,
      15.758478513912365,
      17.240024542603752,
      15.81048478453626,
      31.913110418243107,
      15.261538681062019,
      16.61354870201833,
      15.680467070439004,
      20.16506668474961,
      17.179668319893427,
      16.7551642782496,
      17.702545690312917,
      17.57984100170659,
      15.994865727939327,
      16.655005315544297,
      17.259477514909275,
      13.166513415249765,
      14.514448892630071,
      18.99551759167892,
      17.426461879625762,
      16.134051251886735,
      14.515852211776782,
      15.992317969472873,
      17.10499537755554,
      17.47122712617718,
      13.426003085558369,
      16.628030041311316,
      15.38034307786118,
      19.545200254357407,
      15.134016452444172,
      17.688416222900276,
      16.679167000799296,
      14.51508935664364,
      15.082152917472198,
      19.12508637058444
    ],
    "ISR": [
      25.092973779858795,
      25.06468845383944,
      25.351338235830166,
      25.942551682136894,
      24.475776452762467,
      23.9214413522103,
      25.529605272317667,
      24.458442233888942,
      25.504927106275783,
      24.53845824300744,
      25.15359477089575,
      24.831255270410708,
      24.963692699478948,
      24.856716821268225,
      24.931485783297322,
      25.981608441972746,
      26.213262947360604,
      24.091635101863034,
      24.5506680656596,
      24.966505340955287,
      25.931986802352167,
      25.43462087679805,
      23.88407752695404,
      24.202289540608977,
      24.494403759865268,
      24.686587262250093,
      25.305227285753567,
      24.57053148566619,
      25.343235695926893,
      25.421040014465504,
      24.76948998149737,
      25.181029822899752,
      25.471234353522437,
      25.89266991585117,
      24.153182616522116,
      21.260291384475334
    ],
    "SIR": [
      Infinity,
      Infinity,
      Infinity,
      Infinity,
      Infinity,
      Infinity,
      Infinity,
      Infinity,
      Infinity,
      Infinity,
      Infinity,
      Infinity,
      Infinity,
      Infinity,
      Infinity,
      Infinity,
      Infinity,
      Infinity,
      Infinity,
      Infinity,
      Infinity,
      Infinity,
      Infinity,
      Infinity,
      Infinity,
      Infinity,
      Infinity,
      Infinity,
      Infinity,
      Infinity,
      Infinity,
      Infinity,
      Infinity,
      Infinity,
      Infinity,
      Infinity
    ],
    "SAR": [
      17.12820287934737,
      24.56548085874692,
      15.953301516154585,
      17.725161550077722,
      16.070431741817114,
      23.93349823036692,
      15.837102130592498,
      17.183445153431645,
      16.1940210996456,
      19.65687632034395,
      17.298573480841863,
      16.86144410794543,
      18.209687606480063,
      17.925324627101013,
      16.388305976655616,
      17.28546866666099,
      17.73558337471115,
      13.957146404649482,
      15.16141530418267,
      18.654228823637414,
      17.551262732589056,
      16.738853444251244,
      15.013521483099517,
      16.515566408395614,
      17.57152293433134,
      18.146661880197478,
      13.98380854475997,
      16.848274490649402,
      15.841361764273671,
      19.338455149597273,
      15.821666196802957,
      18.07851013265967,
      17.200984370593105,
      15.061561405670066,
      15.556263267289205,
      17.186222193552748
    ]
  },
  "summary": {
    "sdr_mean": 17.370371737759577,
    "sdr_median": 16.6670861581718,
    "sdr_std": 3.8943364317950975,
    "sdr_clean_mean": 17.370371737759577,
    "valid_frames": 36,
    "total_frames": 36
  }
}