{
  "model": "htt100",
  "track": "Carlos Gonzalez - A Place For Us",
  "timestamp": "2025-12-24T23:26:43.509385",
  "sources": {
    "drums": {
      "sample_rate": 44100,
      "duration_seconds": 250.21875283446713,
      "energy_distribution": {
        "Sub-bass (20-60 Hz)": {
          "real_energy": 1970425.75,
          "model_energy": 1387152.625,
          "ratio": 0.7039862275123596
        },
        "Bass (60-250 Hz)": {
          "real_energy": 26826260.0,
          "model_energy": 18284012.0,
          "ratio": 0.6815714240074158
        },
        "Low-mid (250-500 Hz)": {
          "real_energy": 2854038.25,
          "model_energy": 1617942.25,
          "ratio": 0.5668957829475403
        },
        "Mid (500-2000 Hz)": {
          "real_energy": 1828081.75,
          "model_energy": 848161.875,
          "ratio": 0.46396276354789734
        },
        "High (2000-8000 Hz)": {
          "real_energy": 1104981.625,
          "model_energy": 621396.0,
          "ratio": 0.5623586773872375
        },
        "Total": {
          "real_energy": 35013584.0,
          "model_energy": 23526650.0,
          "ratio": 0.6719292402267456
        }
      }
    },
    "bass": {
      "sample_rate": 44100,
      "duration_seconds": 250.21875283446713,
      "energy_distribution": {
        "Sub-bass (20-60 Hz)": {
          "real_energy": 1754808.75,
          "model_energy": 1792649.875,
          "ratio": 1.021564245223999
        },
        "Bass (60-250 Hz)": {
          "real_energy": 6847736.0,
          "model_energy": 5674603.0,
          "ratio": 0.828683078289032
        },
        "Low-mid (250-500 Hz)": {
          "real_energy": 401359.78125,
          "model_energy": 47889.53125,
          "ratio": 0.11931820958852768
        },
        "Mid (500-2000 Hz)": {
          "real_energy": 156564.8125,
          "model_energy": 10783.1474609375,
          "ratio": 0.06887337565422058
        },
        "High (2000-8000 Hz)": {
          "real_energy": 55914.71484375,
          "model_energy": 1138.76025390625,
          "ratio": 0.020366020500659943
        },
        "Total": {
          "real_energy": 9225035.0,
          "model_energy": 7959899.5,
          "ratio": 0.8628584742546082
        }
      }
    },
    "other": {
      "sample_rate": 44100,
      "duration_seconds": 250.21875283446713,
      "energy_distribution": {
        "Sub-bass (20-60 Hz)": {
          "real_energy": 314441.90625,
          "model_energy": 135530.671875,
          "ratio": 0.43101975321769714
        },
        "Bass (60-250 Hz)": {
          "real_energy": 5651272.0,
          "model_energy": 4853277.5,
          "ratio": 0.8587938547134399
        },
        "Low-mid (250-500 Hz)": {
          "real_energy": 19078888.0,
          "model_energy": 16304883.0,
          "ratio": 0.8546034097671509
        },
        "Mid (500-2000 Hz)": {
          "real_energy": 18601504.0,
          "model_energy": 19179290.0,
          "ratio": 1.0310612916946411
        },
        "High (2000-8000 Hz)": {
          "real_energy": 5154389.0,
          "model_energy": 3804854.5,
          "ratio": 0.7381775975227356
        },
        "Total": {
          "real_energy": 49911348.0,
          "model_energy": 44783716.0,
          "ratio": 0.8972651958465576
        }
      }
    },
    "vocals": {
      "sample_rate": 44100,
      "duration_seconds": 250.21875283446713,
      "energy_distribution": {
        "Sub-bass (20-60 Hz)": {
          "real_energy": 1019.375732421875,
          "model_energy": 120028.234375,
          "ratio": 117.7468032836914
        },
        "Bass (60-250 Hz)": {
          "real_energy": 9318281.0,
          "model_energy": 6827865.5,
          "ratio": 0.732738733291626
        },
        "Low-mid (250-500 Hz)": {
          "real_energy": 25914856.0,
          "model_energy": 21982222.0,
          "ratio": 0.8482478857040405
        },
        "Mid (500-2000 Hz)": {
          "real_energy": 28754406.0,
          "model_energy": 19379558.0,
          "ratio": 0.6739683151245117
        },
        "High (2000-8000 Hz)": {
          "real_energy": 1437434.75,
          "model_energy": 1230893.0,
          "ratio": 0.8563122749328613
        },
        "Total": {
          "real_energy": 65990844.0,
          "model_energy": 50510472.0,
          "ratio": 0.7654163837432861
        }
      }
    }
  }
}